soil_type,region,temperature,water_available,recommended_crop,recommended_fertilizer
Chalky,Central Zone,39.3,No,Cotton,Urea
Loamy,West Zone,27.4,No,Rice,Compost
Loamy,Central Zone,27.4,Yes,Cotton,Compost
Chalky,Central Zone,38.1,Yes,Cotton,Urea
Clay,Central Zone,28.0,Yes,Rice,Compost
Sandy,South Zone,35.0,Yes,Rice,Urea
Sandy,Central Zone,33.2,Yes,Maize,Potash
Sandy,West Zone,17.0,No,Barley,Ammonium Sulfate
Chalky,West Zone,30.1,No,Maize,NPK
Loamy,West Zone,35.6,Yes,Rice,Ammonium Sulfate
Chalky,East Zone,28.6,No,Barley,DAP
Chalky,Central Zone,23.0,No,Pulses,Potash
Peaty,West Zone,17.0,No,Barley,DAP
Loamy,East Zone,31.5,No,Millet,Urea
Peaty,Central Zone,22.7,Yes,Pulses,NPK
Silty,Central Zone,30.1,Yes,Barley,Potash
Loamy,North Zone,25.7,No,Millet,Ammonium Sulfate
Loamy,Central Zone,32.2,Yes,Barley,Compost
Loamy,North Zone,23.8,No,Millet,DAP
Sandy,South Zone,16.1,Yes,Wheat,DAP
Sandy,South Zone,36.8,Yes,Barley,Compost
Peaty,East Zone,23.8,Yes,Pulses,Potash
Peaty,North Zone,40.0,Yes,Maize,Compost
Loamy,South Zone,21.9,No,Millet,DAP
Peaty,South Zone,39.5,Yes,Millet,Compost
Sandy,South Zone,38.7,No,Barley,DAP
Chalky,Central Zone,16.9,No,Barley,Ammonium Sulfate
Chalky,North Zone,30.9,Yes,Millet,Potash
Chalky,South Zone,24.1,No,Rice,NPK
Peaty,North Zone,35.0,No,Cotton,Potash
Silty,West Zone,32.0,No,Barley,Compost
Sandy,West Zone,38.8,No,Barley,Compost
Silty,Central Zone,18.6,Yes,Wheat,Potash
Peaty,West Zone,30.2,Yes,Cotton,NPK
Clay,East Zone,34.5,No,Maize,DAP
Loamy,North Zone,15.9,No,Barley,Compost
Sandy,South Zone,16.7,No,Barley,Compost
Chalky,East Zone,34.5,No,Barley,Potash
Silty,East Zone,24.2,No,Cotton,DAP
Clay,West Zone,24.6,No,Wheat,DAP
Clay,North Zone,29.2,Yes,Pulses,Compost
Sandy,South Zone,30.1,Yes,Pulses,DAP
Sandy,East Zone,32.0,No,Millet,Ammonium Sulfate
Clay,Central Zone,38.7,No,Millet,Potash
Loamy,South Zone,24.3,Yes,Rice,Ammonium Sulfate
Loamy,West Zone,34.1,No,Rice,NPK
Silty,North Zone,29.3,Yes,Barley,Ammonium Sulfate
Loamy,Central Zone,28.2,No,Wheat,Urea
Clay,South Zone,25.0,Yes,Millet,Ammonium Sulfate
Clay,South Zone,31.2,No,Pulses,NPK
Peaty,East Zone,21.2,No,Cotton,Potash
Clay,South Zone,17.8,No,Pulses,Ammonium Sulfate
Loamy,North Zone,33.4,No,Cotton,NPK
Chalky,North Zone,27.5,No,Pulses,Urea
Silty,South Zone,24.7,Yes,Wheat,NPK
Peaty,East Zone,29.0,No,Rice,Compost
Loamy,Central Zone,21.5,No,Pulses,Potash
Silty,Central Zone,21.5,Yes,Cotton,DAP
Loamy,East Zone,26.2,Yes,Maize,Compost
Peaty,West Zone,39.9,Yes,Wheat,Compost
Clay,North Zone,22.1,No,Maize,Ammonium Sulfate
Chalky,West Zone,37.9,Yes,Maize,Ammonium Sulfate
Peaty,East Zone,27.3,Yes,Rice,Ammonium Sulfate
Clay,West Zone,18.1,Yes,Millet,Urea
Peaty,East Zone,36.3,No,Wheat,NPK
Sandy,Central Zone,26.3,No,Millet,Potash
Chalky,Central Zone,37.5,Yes,Barley,Ammonium Sulfate
Loamy,West Zone,26.1,No,Cotton,Urea
Loamy,West Zone,17.2,Yes,Cotton,Urea
Chalky,North Zone,32.0,Yes,Pulses,NPK
Sandy,Central Zone,36.1,No,Wheat,Potash
Clay,North Zone,23.0,Yes,Rice,Compost
Loamy,West Zone,23.7,No,Cotton,Potash
Sandy,East Zone,16.6,Yes,Cotton,Urea
Loamy,Central Zone,28.6,No,Pulses,Urea
Silty,East Zone,37.3,No,Millet,DAP
Clay,North Zone,36.3,Yes,Cotton,NPK
Silty,North Zone,32.8,No,Rice,DAP
Chalky,South Zone,38.2,Yes,Pulses,Urea
Clay,Central Zone,30.9,Yes,Cotton,Compost
Sandy,Central Zone,34.8,No,Cotton,Urea
Clay,North Zone,27.7,No,Maize,Ammonium Sulfate
Clay,East Zone,18.0,Yes,Rice,Potash
Sandy,Central Zone,20.0,No,Cotton,Potash
Chalky,North Zone,18.5,Yes,Barley,Compost
Clay,South Zone,34.8,Yes,Barley,Ammonium Sulfate
Chalky,West Zone,15.7,Yes,Rice,Compost
Chalky,Central Zone,28.9,Yes,Rice,DAP
Chalky,West Zone,24.2,No,Cotton,Ammonium Sulfate
Loamy,East Zone,35.1,Yes,Cotton,Compost
Peaty,South Zone,28.8,Yes,Rice,Urea
Chalky,Central Zone,30.3,Yes,Millet,NPK
Sandy,West Zone,17.2,No,Millet,Ammonium Sulfate
Peaty,West Zone,22.7,Yes,Rice,Potash
Chalky,North Zone,40.0,Yes,Pulses,Potash
Sandy,West Zone,33.0,No,Rice,Urea
Sandy,East Zone,28.1,Yes,Pulses,NPK
Silty,West Zone,34.2,No,Millet,Ammonium Sulfate
Silty,East Zone,35.6,Yes,Millet,Compost
Clay,East Zone,16.8,No,Barley,DAP
Chalky,North Zone,39.3,Yes,Maize,NPK
Chalky,South Zone,31.1,Yes,Millet,Urea
Peaty,East Zone,26.2,No,Millet,Compost
Sandy,West Zone,32.0,Yes,Wheat,Compost
Chalky,West Zone,23.6,Yes,Barley,Compost
Clay,East Zone,36.9,Yes,Barley,Ammonium Sulfate
Loamy,West Zone,34.5,No,Cotton,NPK
Sandy,Central Zone,31.0,No,Maize,Compost
Loamy,North Zone,19.5,No,Maize,NPK
Clay,West Zone,39.2,Yes,Pulses,Ammonium Sulfate
Silty,North Zone,25.8,No,Rice,Urea
Clay,East Zone,37.8,Yes,Pulses,DAP
Loamy,East Zone,16.4,Yes,Wheat,NPK
Sandy,East Zone,18.1,Yes,Pulses,Ammonium Sulfate
Peaty,North Zone,18.8,Yes,Cotton,Urea
Chalky,West Zone,19.1,Yes,Maize,NPK
Clay,Central Zone,23.1,No,Millet,Urea
Sandy,North Zone,32.7,No,Pulses,DAP
Chalky,Central Zone,23.7,Yes,Millet,Potash
Silty,West Zone,38.5,Yes,Millet,DAP
Silty,West Zone,37.4,No,Cotton,Ammonium Sulfate
Chalky,North Zone,36.1,No,Barley,Potash
Silty,South Zone,21.3,Yes,Barley,Potash
Sandy,Central Zone,30.9,Yes,Maize,Compost
Clay,East Zone,28.8,Yes,Barley,NPK
Sandy,Central Zone,18.1,Yes,Cotton,Compost
Sandy,West Zone,22.6,Yes,Rice,Urea
Chalky,West Zone,28.3,No,Rice,Ammonium Sulfate
Peaty,North Zone,27.6,No,Pulses,Ammonium Sulfate
Peaty,South Zone,19.2,No,Barley,Urea
Clay,East Zone,38.5,No,Wheat,Urea
Chalky,Central Zone,18.9,Yes,Rice,Compost
Peaty,South Zone,31.5,Yes,Maize,DAP
Silty,East Zone,33.0,No,Maize,Ammonium Sulfate
Peaty,West Zone,30.1,Yes,Pulses,Compost
Silty,West Zone,36.1,Yes,Barley,Compost
Clay,North Zone,29.1,No,Pulses,DAP
Sandy,North Zone,35.6,Yes,Maize,DAP
Sandy,Central Zone,15.7,No,Millet,DAP
Peaty,South Zone,16.1,Yes,Millet,NPK
Silty,South Zone,31.0,Yes,Maize,Compost
Loamy,East Zone,29.4,No,Barley,NPK
Loamy,Central Zone,31.3,No,Rice,Potash
Loamy,North Zone,34.2,Yes,Rice,Potash
Sandy,Central Zone,25.4,Yes,Wheat,Compost
Chalky,West Zone,31.0,No,Cotton,Urea
Sandy,North Zone,27.5,No,Wheat,DAP
Chalky,South Zone,30.7,Yes,Pulses,NPK
Silty,North Zone,22.2,Yes,Barley,Potash
Peaty,West Zone,38.9,No,Barley,Compost
Loamy,North Zone,27.1,Yes,Barley,Urea
Silty,South Zone,35.1,Yes,Cotton,Compost
Silty,West Zone,32.1,No,Rice,Urea
Peaty,East Zone,22.4,No,Maize,Compost
Silty,Central Zone,16.8,Yes,Millet,DAP
Peaty,East Zone,16.5,No,Wheat,DAP
Clay,West Zone,26.0,No,Wheat,Urea
Peaty,West Zone,27.1,No,Rice,Compost
Loamy,West Zone,20.1,Yes,Pulses,DAP
Chalky,South Zone,30.2,No,Cotton,Compost
Chalky,West Zone,22.8,Yes,Wheat,Compost
Loamy,Central Zone,33.0,Yes,Cotton,DAP
Chalky,South Zone,33.4,Yes,Pulses,Ammonium Sulfate
Peaty,West Zone,36.5,Yes,Pulses,Potash
Clay,South Zone,39.4,No,Wheat,Potash
Chalky,Central Zone,18.3,Yes,Barley,Compost
Clay,Central Zone,24.3,Yes,Maize,Potash
Loamy,South Zone,29.0,Yes,Rice,NPK
Clay,North Zone,23.0,No,Pulses,DAP
Silty,East Zone,26.7,No,Cotton,Potash
Sandy,West Zone,21.7,No,Rice,Ammonium Sulfate
Silty,East Zone,21.2,No,Barley,Potash
Loamy,Central Zone,17.4,No,Pulses,Compost
Chalky,East Zone,22.3,Yes,Barley,Urea
Chalky,North Zone,24.6,Yes,Millet,Potash
Clay,East Zone,30.4,No,Rice,Urea
Peaty,East Zone,21.2,Yes,Pulses,DAP
Sandy,Central Zone,36.6,No,Cotton,Urea
Peaty,Central Zone,19.0,Yes,Cotton,Potash
Loamy,West Zone,23.2,Yes,Barley,Ammonium Sulfate
Chalky,South Zone,29.4,Yes,Millet,NPK
Clay,West Zone,22.8,No,Millet,Ammonium Sulfate
Chalky,Central Zone,34.1,No,Wheat,Ammonium Sulfate
Peaty,West Zone,27.5,Yes,Cotton,NPK
Peaty,East Zone,27.9,No,Rice,DAP
Sandy,East Zone,27.5,No,Millet,Potash
Sandy,Central Zone,22.7,Yes,Barley,DAP
Clay,Central Zone,15.6,Yes,Rice,Compost
Sandy,West Zone,38.6,Yes,Millet,Compost
Peaty,West Zone,27.6,Yes,Cotton,Urea
Peaty,East Zone,39.2,No,Pulses,Ammonium Sulfate
Loamy,South Zone,20.4,Yes,Millet,DAP
Peaty,South Zone,23.8,No,Cotton,NPK
Clay,Central Zone,16.3,Yes,Millet,DAP
Silty,West Zone,27.4,No,Pulses,Urea
Loamy,South Zone,37.1,Yes,Wheat,Potash
Loamy,West Zone,31.4,Yes,Barley,Ammonium Sulfate
Clay,North Zone,26.8,Yes,Millet,Ammonium Sulfate
Clay,East Zone,28.4,Yes,Wheat,DAP
Sandy,West Zone,36.2,Yes,Barley,Urea
Loamy,West Zone,25.8,Yes,Pulses,Compost
Sandy,West Zone,37.1,No,Wheat,NPK
Peaty,South Zone,33.2,No,Rice,Potash
Loamy,West Zone,34.1,No,Cotton,DAP
Loamy,North Zone,24.1,Yes,Barley,DAP
Chalky,South Zone,25.0,No,Millet,NPK
Silty,Central Zone,29.3,Yes,Millet,Compost
Loamy,Central Zone,19.9,No,Maize,DAP
Peaty,East Zone,28.8,Yes,Millet,NPK
Sandy,North Zone,16.8,Yes,Cotton,Ammonium Sulfate
Sandy,West Zone,27.6,No,Cotton,Ammonium Sulfate
Chalky,North Zone,34.1,No,Millet,NPK
Silty,Central Zone,22.0,No,Barley,Potash
Peaty,West Zone,39.7,Yes,Pulses,Ammonium Sulfate
Sandy,North Zone,32.0,No,Wheat,NPK
Clay,South Zone,18.0,Yes,Maize,NPK
Peaty,West Zone,39.4,No,Cotton,Ammonium Sulfate
Peaty,South Zone,24.8,No,Maize,NPK
Silty,North Zone,34.9,No,Maize,DAP
Sandy,West Zone,23.5,Yes,Cotton,NPK
Peaty,East Zone,38.5,No,Pulses,NPK
Chalky,East Zone,33.9,Yes,Wheat,NPK
Chalky,Central Zone,20.0,No,Wheat,NPK
Sandy,West Zone,27.7,Yes,Cotton,Compost
Chalky,North Zone,27.5,No,Millet,DAP
Clay,East Zone,16.1,Yes,Barley,NPK
Silty,Central Zone,18.4,Yes,Barley,Urea
Chalky,West Zone,23.3,Yes,Millet,Urea
Chalky,East Zone,26.8,Yes,Maize,Urea
Clay,West Zone,26.4,Yes,Pulses,Ammonium Sulfate
Silty,Central Zone,30.2,Yes,Barley,Ammonium Sulfate
Peaty,North Zone,27.9,Yes,Millet,Potash
Silty,Central Zone,23.2,Yes,Pulses,Compost
Loamy,North Zone,30.3,No,Maize,Urea
Sandy,South Zone,19.1,No,Barley,Compost
Sandy,East Zone,39.8,No,Barley,Urea
Loamy,South Zone,33.5,Yes,Millet,Potash
Clay,North Zone,22.5,Yes,Barley,DAP
Loamy,West Zone,23.4,Yes,Wheat,Compost
Peaty,North Zone,35.7,No,Wheat,DAP
Peaty,North Zone,28.3,Yes,Wheat,Potash
Sandy,West Zone,32.7,No,Millet,Compost
Peaty,South Zone,22.5,Yes,Barley,DAP
Sandy,East Zone,35.4,No,Maize,Potash
Loamy,North Zone,24.2,No,Barley,NPK
Loamy,North Zone,31.8,No,Maize,Compost
Chalky,East Zone,39.5,Yes,Barley,DAP
Chalky,North Zone,29.6,No,Wheat,Potash
Loamy,East Zone,34.9,Yes,Barley,NPK
Sandy,East Zone,33.1,Yes,Barley,Compost
Loamy,East Zone,32.2,Yes,Wheat,NPK
Loamy,West Zone,15.7,Yes,Millet,Urea
Clay,South Zone,26.9,Yes,Millet,Compost
Loamy,South Zone,39.2,No,Barley,Potash
Peaty,Central Zone,34.6,Yes,Barley,Potash
Sandy,West Zone,34.4,No,Maize,Compost
Clay,Central Zone,29.4,No,Barley,Urea
Chalky,South Zone,33.0,No,Rice,Compost
Silty,South Zone,29.6,No,Pulses,DAP
Sandy,South Zone,19.3,Yes,Maize,Potash
Peaty,North Zone,30.7,No,Millet,Ammonium Sulfate
Sandy,Central Zone,30.5,Yes,Cotton,NPK
Chalky,West Zone,36.0,No,Millet,Potash
Peaty,Central Zone,18.7,Yes,Millet,Urea
Peaty,South Zone,32.0,No,Barley,Ammonium Sulfate
Silty,West Zone,15.8,No,Barley,Compost
Sandy,Central Zone,38.7,Yes,Cotton,Potash
Silty,South Zone,17.7,No,Barley,DAP
Silty,South Zone,15.5,No,Barley,Ammonium Sulfate
Sandy,West Zone,22.8,No,Pulses,Urea
Loamy,East Zone,18.8,Yes,Millet,Urea
Loamy,West Zone,32.3,Yes,Maize,Ammonium Sulfate
Chalky,East Zone,25.3,Yes,Pulses,NPK
Silty,North Zone,34.4,Yes,Cotton,Potash
Clay,West Zone,38.0,No,Pulses,Compost
Silty,East Zone,36.8,Yes,Rice,Urea
Silty,Central Zone,33.4,Yes,Millet,DAP
Silty,South Zone,16.6,No,Rice,DAP
Chalky,North Zone,18.5,Yes,Rice,Compost
Loamy,West Zone,20.2,No,Cotton,DAP
Chalky,East Zone,23.1,Yes,Wheat,NPK
Chalky,Central Zone,31.6,No,Rice,Compost
Chalky,East Zone,28.1,No,Barley,DAP
Loamy,West Zone,22.8,Yes,Rice,NPK
Loamy,East Zone,19.3,Yes,Wheat,DAP
Silty,West Zone,37.8,Yes,Maize,Potash
Chalky,East Zone,23.6,No,Pulses,Compost
Clay,South Zone,23.9,No,Pulses,DAP
Loamy,West Zone,34.3,Yes,Wheat,DAP
Sandy,West Zone,33.0,Yes,Maize,NPK
Sandy,North Zone,31.1,No,Barley,Potash
Sandy,South Zone,32.3,Yes,Maize,Potash
Peaty,West Zone,30.3,Yes,Wheat,NPK
Silty,Central Zone,19.8,Yes,Pulses,Potash
Sandy,East Zone,21.2,No,Rice,Ammonium Sulfate
Silty,Central Zone,29.0,No,Barley,DAP
Sandy,East Zone,20.6,No,Pulses,DAP
Clay,East Zone,39.3,Yes,Maize,Potash
Silty,North Zone,22.4,Yes,Wheat,DAP
Sandy,West Zone,22.2,Yes,Pulses,Potash
Loamy,East Zone,20.2,No,Millet,NPK
Silty,North Zone,32.6,Yes,Rice,Compost
Peaty,Central Zone,22.9,Yes,Maize,NPK
Loamy,North Zone,23.7,No,Pulses,Compost
Loamy,Central Zone,38.3,Yes,Cotton,Ammonium Sulfate
Chalky,West Zone,34.9,Yes,Rice,NPK
Peaty,East Zone,21.8,No,Millet,Urea
Loamy,South Zone,18.0,No,Pulses,Ammonium Sulfate
Loamy,Central Zone,31.9,No,Barley,DAP
Sandy,East Zone,24.5,No,Barley,NPK
Sandy,South Zone,39.5,No,Millet,Compost
Silty,South Zone,35.5,No,Pulses,Potash
Silty,Central Zone,38.9,No,Wheat,Potash
Silty,East Zone,35.1,No,Barley,NPK
Sandy,South Zone,22.3,Yes,Barley,NPK
Silty,North Zone,22.2,Yes,Millet,Ammonium Sulfate
Loamy,North Zone,32.9,Yes,Cotton,NPK
Sandy,East Zone,23.7,Yes,Wheat,Potash
Silty,West Zone,26.1,Yes,Millet,Urea
Loamy,North Zone,21.4,Yes,Pulses,NPK
Silty,Central Zone,27.0,Yes,Pulses,Potash
Clay,East Zone,20.1,Yes,Pulses,Potash
Silty,South Zone,28.5,No,Barley,NPK
Clay,North Zone,38.3,No,Maize,Ammonium Sulfate
Silty,East Zone,32.4,No,Barley,Compost
Chalky,East Zone,18.4,No,Barley,Compost
Chalky,West Zone,30.4,Yes,Rice,Ammonium Sulfate
Peaty,South Zone,29.7,No,Cotton,DAP
Chalky,South Zone,21.1,Yes,Cotton,Potash
Chalky,South Zone,31.7,No,Cotton,DAP
Silty,Central Zone,28.3,No,Pulses,DAP
Sandy,East Zone,30.9,No,Barley,Compost
Sandy,Central Zone,16.3,No,Maize,Compost
Clay,Central Zone,25.3,Yes,Millet,Urea
Sandy,East Zone,32.9,Yes,Rice,Potash
Loamy,South Zone,17.5,Yes,Rice,Urea
Peaty,East Zone,34.3,No,Barley,Ammonium Sulfate
Chalky,West Zone,15.1,Yes,Maize,NPK
Peaty,East Zone,28.8,Yes,Wheat,Urea
Loamy,East Zone,38.2,No,Millet,NPK
Chalky,North Zone,25.2,Yes,Pulses,DAP
Clay,West Zone,38.4,Yes,Pulses,Potash
Loamy,North Zone,37.0,Yes,Pulses,Ammonium Sulfate
Loamy,South Zone,26.9,No,Pulses,Urea
Peaty,South Zone,20.0,No,Cotton,Potash
Silty,West Zone,39.1,Yes,Pulses,Ammonium Sulfate
Peaty,Central Zone,23.0,No,Wheat,DAP
Peaty,East Zone,31.1,No,Barley,DAP
Sandy,North Zone,37.7,Yes,Barley,DAP
Loamy,West Zone,17.2,Yes,Barley,DAP
Peaty,North Zone,29.4,No,Barley,Compost
Loamy,East Zone,28.4,No,Maize,Compost
Sandy,Central Zone,33.1,Yes,Pulses,DAP
Loamy,North Zone,38.4,Yes,Millet,DAP
Peaty,West Zone,37.8,No,Millet,Urea
Loamy,East Zone,19.4,Yes,Barley,Potash
Chalky,East Zone,37.1,Yes,Millet,Urea
Sandy,Central Zone,19.4,Yes,Wheat,DAP
Silty,West Zone,38.0,Yes,Pulses,Ammonium Sulfate
Loamy,East Zone,39.9,Yes,Barley,Compost
Peaty,North Zone,24.9,Yes,Wheat,NPK
Sandy,South Zone,27.4,Yes,Maize,Compost
Peaty,West Zone,38.4,Yes,Cotton,Compost
Peaty,North Zone,39.1,No,Wheat,Ammonium Sulfate
Loamy,Central Zone,38.2,No,Barley,Ammonium Sulfate
Peaty,Central Zone,36.9,Yes,Rice,Compost
Loamy,East Zone,15.2,No,Wheat,NPK
Silty,Central Zone,29.2,Yes,Wheat,DAP
Chalky,South Zone,17.7,Yes,Barley,DAP
Peaty,North Zone,39.6,Yes,Millet,DAP
Peaty,West Zone,22.1,Yes,Rice,Ammonium Sulfate
Peaty,East Zone,39.7,No,Cotton,Compost
Clay,West Zone,28.6,Yes,Rice,Potash
Clay,North Zone,27.3,Yes,Cotton,Ammonium Sulfate
Sandy,South Zone,38.5,No,Maize,Potash
Chalky,North Zone,36.3,Yes,Millet,Urea
Chalky,North Zone,26.7,Yes,Maize,Potash
Clay,East Zone,19.8,No,Wheat,Compost
Sandy,West Zone,17.8,Yes,Wheat,DAP
Clay,North Zone,19.1,Yes,Millet,Potash
Silty,North Zone,26.5,No,Pulses,Ammonium Sulfate
Sandy,South Zone,21.4,No,Maize,NPK
Chalky,Central Zone,19.7,No,Rice,NPK
Chalky,South Zone,33.4,Yes,Maize,Ammonium Sulfate
Clay,West Zone,34.8,No,Cotton,DAP
Silty,West Zone,29.2,No,Barley,Potash
Clay,East Zone,33.9,Yes,Wheat,Ammonium Sulfate
Loamy,Central Zone,19.4,No,Rice,Compost
Loamy,West Zone,36.4,Yes,Wheat,Compost
Silty,Central Zone,37.4,Yes,Maize,Potash
Peaty,South Zone,35.7,No,Millet,Urea
Peaty,West Zone,27.9,No,Rice,Urea
Loamy,North Zone,17.2,No,Pulses,NPK
Loamy,West Zone,31.7,Yes,Barley,DAP
Peaty,Central Zone,19.6,Yes,Millet,NPK
Sandy,West Zone,18.5,Yes,Pulses,DAP
Peaty,East Zone,23.1,No,Barley,DAP
Clay,North Zone,21.2,No,Maize,Ammonium Sulfate
Sandy,East Zone,21.5,No,Cotton,DAP
Clay,South Zone,20.9,No,Pulses,Ammonium Sulfate
Loamy,West Zone,33.8,Yes,Millet,DAP
Sandy,West Zone,38.9,Yes,Millet,Compost
Clay,South Zone,22.5,No,Maize,Ammonium Sulfate
Clay,East Zone,33.1,No,Rice,Potash
Sandy,North Zone,15.3,Yes,Pulses,DAP
Silty,East Zone,31.3,No,Barley,Potash
Peaty,Central Zone,32.3,Yes,Maize,DAP
Chalky,East Zone,16.6,Yes,Millet,Ammonium Sulfate
Clay,North Zone,18.0,Yes,Wheat,Compost
Peaty,West Zone,22.7,No,Wheat,Compost
Chalky,East Zone,25.1,No,Millet,Potash
Peaty,South Zone,27.6,No,Rice,Potash
Loamy,North Zone,37.4,No,Pulses,NPK
Chalky,West Zone,32.6,No,Millet,NPK
Peaty,North Zone,22.8,No,Wheat,Urea
Clay,South Zone,17.9,No,Cotton,NPK
Chalky,Central Zone,37.9,No,Millet,Ammonium Sulfate
Loamy,North Zone,22.4,Yes,Millet,NPK
Sandy,North Zone,30.4,Yes,Cotton,Ammonium Sulfate
Clay,East Zone,20.5,No,Rice,DAP
Loamy,South Zone,18.3,Yes,Maize,Ammonium Sulfate
Loamy,South Zone,18.8,Yes,Wheat,Ammonium Sulfate
Chalky,Central Zone,33.7,No,Wheat,Ammonium Sulfate
Peaty,South Zone,30.1,Yes,Barley,Urea
Sandy,North Zone,25.4,No,Maize,NPK
Clay,Central Zone,28.7,No,Maize,NPK
Clay,South Zone,26.8,Yes,Maize,Potash
Peaty,Central Zone,28.4,Yes,Maize,Urea
Sandy,South Zone,31.6,Yes,Wheat,Urea
Chalky,South Zone,20.5,Yes,Pulses,Urea
Clay,East Zone,21.2,Yes,Millet,Potash
Sandy,South Zone,33.9,No,Millet,Compost
Chalky,Central Zone,36.8,Yes,Cotton,Urea
Chalky,North Zone,17.0,Yes,Millet,Urea
Clay,East Zone,26.2,No,Pulses,Potash
Peaty,South Zone,32.6,No,Pulses,Compost
Silty,South Zone,17.0,Yes,Barley,Urea
Clay,Central Zone,29.1,Yes,Rice,Urea
Loamy,East Zone,16.5,Yes,Rice,DAP
Loamy,South Zone,28.7,No,Barley,Compost
Chalky,North Zone,27.6,No,Maize,NPK
Silty,North Zone,29.3,Yes,Cotton,Urea
Clay,South Zone,18.7,No,Wheat,Ammonium Sulfate
Loamy,North Zone,23.2,Yes,Barley,Potash
Loamy,East Zone,28.0,Yes,Millet,DAP
Clay,South Zone,17.9,No,Millet,NPK
Sandy,Central Zone,20.1,No,Wheat,NPK
Chalky,East Zone,29.6,Yes,Rice,Ammonium Sulfate
Clay,North Zone,17.3,No,Barley,DAP
Sandy,South Zone,27.8,Yes,Maize,Potash
Chalky,East Zone,35.2,Yes,Cotton,Ammonium Sulfate
Silty,North Zone,26.3,Yes,Pulses,NPK
Peaty,South Zone,27.8,Yes,Rice,NPK
Chalky,West Zone,26.4,Yes,Cotton,Compost
Silty,Central Zone,16.4,Yes,Maize,NPK
Peaty,North Zone,26.6,No,Millet,Urea
Loamy,North Zone,35.2,Yes,Barley,Urea
Loamy,West Zone,33.1,No,Maize,Ammonium Sulfate
Loamy,West Zone,24.9,Yes,Rice,DAP
Chalky,East Zone,35.4,Yes,Millet,DAP
Sandy,Central Zone,33.6,No,Pulses,Potash
Peaty,Central Zone,29.5,Yes,Pulses,Potash
Loamy,North Zone,16.1,No,Maize,Compost
Clay,West Zone,23.6,Yes,Millet,DAP
Peaty,Central Zone,16.6,Yes,Pulses,Compost
Peaty,South Zone,39.9,Yes,Millet,Potash
Sandy,Central Zone,38.4,Yes,Cotton,NPK
Silty,North Zone,16.7,Yes,Cotton,Ammonium Sulfate
Sandy,Central Zone,38.3,No,Rice,Compost
Loamy,East Zone,15.8,Yes,Maize,NPK
Clay,West Zone,25.2,No,Barley,Compost
Clay,North Zone,34.2,No,Wheat,Compost
Loamy,North Zone,34.1,Yes,Maize,Potash
Clay,West Zone,39.5,No,Millet,Ammonium Sulfate
Sandy,West Zone,31.1,No,Rice,Ammonium Sulfate
Chalky,West Zone,25.5,No,Rice,Ammonium Sulfate
Sandy,North Zone,39.8,Yes,Wheat,Compost
Chalky,West Zone,24.6,Yes,Pulses,Potash
Loamy,West Zone,36.7,No,Millet,Compost
Clay,North Zone,37.7,No,Millet,Ammonium Sulfate
Peaty,North Zone,24.4,No,Rice,Ammonium Sulfate
Silty,East Zone,32.1,Yes,Barley,Compost
Peaty,Central Zone,31.5,No,Rice,DAP
Chalky,South Zone,28.5,Yes,Wheat,DAP
Sandy,North Zone,31.3,Yes,Barley,Potash
Sandy,South Zone,23.7,No,Barley,Compost
Sandy,East Zone,19.5,No,Pulses,NPK
Sandy,Central Zone,28.4,No,Wheat,Urea
Silty,Central Zone,28.2,Yes,Pulses,Potash
Loamy,Central Zone,33.2,Yes,Barley,DAP
Sandy,East Zone,20.6,Yes,Cotton,DAP
Chalky,West Zone,15.1,No,Pulses,Potash
Clay,Central Zone,15.6,Yes,Rice,DAP
Silty,Central Zone,22.5,Yes,Wheat,NPK
Chalky,East Zone,31.8,No,Millet,DAP
Chalky,West Zone,28.6,Yes,Pulses,Urea
Sandy,Central Zone,28.3,Yes,Barley,Urea
Clay,Central Zone,35.6,No,Barley,Compost
Sandy,West Zone,21.2,Yes,Pulses,NPK
Chalky,North Zone,23.7,No,Cotton,DAP
Loamy,North Zone,21.9,Yes,Barley,DAP
Silty,Central Zone,38.4,Yes,Pulses,Potash
Loamy,South Zone,33.1,No,Rice,Compost
Silty,West Zone,17.8,No,Barley,Urea
Sandy,West Zone,35.2,Yes,Barley,Ammonium Sulfate
Sandy,South Zone,25.5,Yes,Wheat,Potash
Silty,West Zone,34.2,No,Rice,Potash
Clay,East Zone,37.1,No,Cotton,DAP
Clay,West Zone,15.4,Yes,Barley,Urea
Sandy,West Zone,20.2,No,Maize,Potash
Sandy,West Zone,17.5,Yes,Rice,DAP
Loamy,North Zone,15.8,Yes,Rice,Compost
Chalky,East Zone,29.9,Yes,Rice,NPK
Sandy,West Zone,32.6,No,Rice,Urea
Silty,East Zone,16.2,No,Wheat,Compost
Clay,East Zone,33.5,Yes,Pulses,DAP
Clay,East Zone,25.1,Yes,Maize,NPK
Loamy,South Zone,20.9,Yes,Millet,Potash
Clay,West Zone,20.4,No,Rice,Compost
Clay,North Zone,36.6,No,Millet,Potash
Chalky,North Zone,16.4,No,Pulses,Potash
Peaty,North Zone,27.6,Yes,Wheat,NPK
Silty,North Zone,22.2,No,Maize,NPK
Chalky,West Zone,35.4,No,Cotton,Ammonium Sulfate
Peaty,North Zone,33.3,No,Cotton,Ammonium Sulfate
Clay,East Zone,23.0,No,Cotton,Ammonium Sulfate
Loamy,South Zone,29.9,No,Barley,Potash
Loamy,Central Zone,31.8,Yes,Cotton,Potash
Clay,North Zone,23.0,No,Cotton,NPK
Sandy,Central Zone,22.5,Yes,Maize,DAP
Peaty,Central Zone,18.6,Yes,Rice,Urea
Clay,Central Zone,31.5,No,Cotton,Potash
Loamy,East Zone,20.5,Yes,Barley,Ammonium Sulfate
Loamy,North Zone,22.5,Yes,Rice,NPK
Peaty,West Zone,16.5,No,Millet,Compost
Silty,East Zone,38.7,Yes,Rice,Compost
Clay,West Zone,37.0,No,Barley,Ammonium Sulfate
Chalky,North Zone,37.8,No,Barley,Ammonium Sulfate
Clay,East Zone,30.6,Yes,Millet,DAP
Silty,Central Zone,25.7,Yes,Rice,DAP
Peaty,East Zone,27.4,No,Pulses,Ammonium Sulfate
Peaty,East Zone,39.3,Yes,Barley,Ammonium Sulfate
Loamy,North Zone,38.5,No,Millet,Compost
Silty,Central Zone,31.8,Yes,Rice,DAP
Peaty,Central Zone,34.6,Yes,Barley,Potash
Sandy,South Zone,23.0,Yes,Pulses,NPK
Clay,South Zone,25.4,No,Rice,Urea
Loamy,West Zone,18.7,No,Maize,NPK
Chalky,South Zone,24.4,Yes,Millet,NPK
Silty,North Zone,33.9,No,Rice,DAP
Loamy,East Zone,26.8,Yes,Maize,Urea
Peaty,Central Zone,36.2,No,Pulses,Ammonium Sulfate
Peaty,East Zone,22.5,Yes,Barley,Potash
Chalky,North Zone,32.7,Yes,Maize,Compost
Chalky,East Zone,35.1,Yes,Millet,Potash
Chalky,Central Zone,37.9,No,Rice,DAP
Chalky,South Zone,29.1,Yes,Maize,Ammonium Sulfate
Chalky,West Zone,39.2,Yes,Pulses,Compost
Sandy,Central Zone,28.9,No,Cotton,Potash
Clay,Central Zone,18.4,No,Cotton,NPK
Silty,Central Zone,21.1,No,Cotton,DAP
Loamy,Central Zone,20.1,No,Pulses,Urea
Chalky,North Zone,31.2,Yes,Barley,NPK
Clay,Central Zone,38.1,Yes,Rice,Urea
Peaty,East Zone,36.2,Yes,Cotton,Compost
Clay,North Zone,17.3,No,Wheat,Urea
Chalky,South Zone,33.1,No,Millet,NPK
Loamy,East Zone,19.8,Yes,Wheat,Urea
Chalky,East Zone,21.7,Yes,Wheat,DAP
Clay,East Zone,31.8,No,Barley,DAP
Peaty,East Zone,30.1,Yes,Cotton,NPK
Clay,North Zone,36.8,No,Pulses,Ammonium Sulfate
Chalky,South Zone,19.7,Yes,Pulses,Potash
Silty,South Zone,34.0,No,Pulses,Ammonium Sulfate
Clay,Central Zone,33.1,No,Millet,Urea
Silty,West Zone,29.0,Yes,Maize,NPK
Chalky,North Zone,27.0,Yes,Barley,Urea
Clay,South Zone,36.7,Yes,Wheat,NPK
Peaty,North Zone,23.3,Yes,Maize,Urea
Sandy,North Zone,38.9,Yes,Barley,Potash
Sandy,Central Zone,15.4,No,Pulses,NPK
Silty,South Zone,38.4,Yes,Pulses,DAP
Chalky,West Zone,39.1,No,Barley,Potash
Silty,West Zone,17.9,Yes,Barley,DAP
Chalky,West Zone,40.0,No,Maize,Potash
Chalky,East Zone,27.0,No,Rice,DAP
Sandy,South Zone,21.1,No,Millet,Potash
Peaty,East Zone,30.1,No,Pulses,Ammonium Sulfate
Peaty,East Zone,20.1,No,Millet,Urea
Clay,East Zone,37.9,Yes,Wheat,DAP
Silty,Central Zone,28.8,No,Rice,Urea
Peaty,Central Zone,34.4,Yes,Rice,NPK
Loamy,North Zone,24.5,No,Rice,Urea
Clay,North Zone,28.3,No,Millet,DAP
Clay,South Zone,24.0,No,Millet,Potash
Sandy,South Zone,21.5,Yes,Cotton,Urea
Silty,Central Zone,27.8,No,Millet,Compost
Peaty,North Zone,27.4,Yes,Millet,Potash
Peaty,North Zone,17.5,No,Rice,NPK
Chalky,East Zone,39.5,No,Maize,NPK
Clay,West Zone,26.7,No,Wheat,DAP
Silty,West Zone,36.0,No,Barley,Potash
Silty,West Zone,37.9,Yes,Barley,Urea
Silty,Central Zone,24.3,No,Barley,Urea
Chalky,West Zone,25.3,Yes,Maize,Ammonium Sulfate
Sandy,West Zone,29.1,Yes,Wheat,NPK
Peaty,East Zone,20.5,Yes,Cotton,Potash
Silty,South Zone,18.6,Yes,Barley,Potash
Chalky,Central Zone,21.5,No,Pulses,NPK
Sandy,North Zone,38.4,No,Millet,Ammonium Sulfate
Chalky,East Zone,29.5,Yes,Wheat,Urea
Loamy,West Zone,25.4,Yes,Wheat,NPK
Clay,North Zone,18.8,No,Wheat,Potash
Peaty,East Zone,23.2,No,Wheat,Ammonium Sulfate
Chalky,Central Zone,24.5,No,Millet,Urea
Chalky,West Zone,35.8,Yes,Pulses,Compost
Peaty,Central Zone,27.5,No,Maize,Ammonium Sulfate
Clay,East Zone,31.4,No,Wheat,NPK
Loamy,North Zone,32.1,Yes,Rice,Potash
Sandy,South Zone,21.4,No,Wheat,Potash
Chalky,West Zone,35.5,Yes,Barley,Ammonium Sulfate
Clay,Central Zone,39.2,Yes,Pulses,DAP
Sandy,North Zone,31.0,Yes,Millet,DAP
Sandy,North Zone,27.3,No,Pulses,NPK
Sandy,South Zone,19.2,Yes,Rice,Ammonium Sulfate
Loamy,East Zone,34.9,Yes,Pulses,Ammonium Sulfate
Loamy,South Zone,19.2,Yes,Pulses,Urea
Sandy,South Zone,33.0,Yes,Millet,Ammonium Sulfate
Silty,East Zone,27.2,Yes,Cotton,Compost
Peaty,East Zone,37.9,Yes,Barley,Compost
Loamy,East Zone,28.6,No,Millet,Urea
Silty,North Zone,31.0,Yes,Rice,DAP
Silty,North Zone,16.5,No,Maize,Potash
Chalky,West Zone,15.8,Yes,Barley,Ammonium Sulfate
Peaty,West Zone,36.2,Yes,Rice,DAP
Sandy,South Zone,38.6,No,Maize,NPK
Chalky,South Zone,31.7,No,Rice,DAP
Chalky,West Zone,34.1,Yes,Wheat,Urea
Silty,Central Zone,25.3,Yes,Barley,Ammonium Sulfate
Silty,South Zone,36.1,No,Millet,NPK
Silty,Central Zone,20.8,No,Cotton,Urea
Sandy,Central Zone,32.7,No,Maize,NPK
Sandy,East Zone,15.2,No,Maize,Ammonium Sulfate
Chalky,North Zone,27.6,No,Wheat,Potash
Chalky,West Zone,24.3,Yes,Barley,DAP
Loamy,North Zone,30.4,No,Barley,Urea
Loamy,West Zone,31.7,Yes,Wheat,NPK
Silty,North Zone,30.4,No,Rice,DAP
Sandy,West Zone,27.1,Yes,Maize,Compost
Sandy,North Zone,27.2,Yes,Millet,Urea
Chalky,East Zone,15.2,Yes,Rice,Potash
Peaty,Central Zone,28.8,Yes,Wheat,NPK
Silty,West Zone,15.3,Yes,Maize,Urea
Loamy,Central Zone,28.2,No,Cotton,Urea
Peaty,West Zone,21.9,No,Cotton,Compost
Sandy,West Zone,39.4,No,Maize,Ammonium Sulfate
Loamy,East Zone,15.4,No,Millet,Potash
Silty,North Zone,35.3,No,Barley,Ammonium Sulfate
Sandy,West Zone,31.9,No,Maize,Compost
Silty,North Zone,35.2,No,Barley,NPK
Chalky,East Zone,37.7,Yes,Millet,DAP
Peaty,South Zone,17.7,Yes,Wheat,Urea
Peaty,Central Zone,17.4,No,Millet,NPK
Peaty,West Zone,18.7,No,Millet,NPK
Clay,East Zone,19.8,Yes,Maize,Potash
Silty,North Zone,28.2,No,Pulses,Urea
Peaty,West Zone,35.4,Yes,Maize,Ammonium Sulfate
Chalky,North Zone,21.7,No,Cotton,Compost
Peaty,South Zone,24.9,No,Wheat,DAP
Silty,West Zone,24.3,Yes,Rice,Ammonium Sulfate
Peaty,Central Zone,25.2,Yes,Maize,Urea
Silty,West Zone,29.1,No,Wheat,Urea
Sandy,Central Zone,39.8,No,Pulses,DAP
Chalky,North Zone,20.6,No,Wheat,Ammonium Sulfate
Silty,West Zone,32.1,Yes,Barley,NPK
Silty,East Zone,36.2,No,Barley,Ammonium Sulfate
Clay,East Zone,31.3,No,Barley,Compost
Sandy,South Zone,36.5,No,Cotton,Urea
Chalky,East Zone,34.0,No,Maize,NPK
Clay,South Zone,17.3,No,Pulses,Potash
Peaty,North Zone,24.5,Yes,Maize,NPK
Silty,Central Zone,28.8,Yes,Wheat,DAP
Chalky,North Zone,16.4,Yes,Barley,Compost
Sandy,Central Zone,15.2,No,Barley,Ammonium Sulfate
Clay,Central Zone,19.3,No,Maize,DAP
Silty,South Zone,27.5,No,Cotton,Potash
Loamy,East Zone,25.8,No,Cotton,Ammonium Sulfate
Chalky,East Zone,34.6,No,Cotton,NPK
Clay,South Zone,29.1,Yes,Maize,Urea
Sandy,South Zone,36.4,Yes,Pulses,Ammonium Sulfate
Clay,North Zone,17.4,No,Maize,Potash
Clay,South Zone,28.2,Yes,Cotton,DAP
Clay,East Zone,16.1,No,Millet,Ammonium Sulfate
Peaty,South Zone,20.3,No,Rice,NPK
Loamy,South Zone,36.7,No,Wheat,DAP
Sandy,Central Zone,37.2,Yes,Barley,Urea
Sandy,South Zone,26.9,Yes,Millet,Potash
Sandy,North Zone,16.2,Yes,Rice,Ammonium Sulfate
Silty,South Zone,16.9,No,Pulses,Potash
Chalky,West Zone,38.1,No,Maize,Compost
Sandy,West Zone,37.5,Yes,Pulses,DAP
Chalky,Central Zone,29.1,Yes,Pulses,Compost
Sandy,Central Zone,15.8,Yes,Wheat,Ammonium Sulfate
Loamy,West Zone,38.2,Yes,Millet,Potash
Silty,Central Zone,22.9,Yes,Wheat,NPK
Silty,Central Zone,39.0,Yes,Maize,Compost
Clay,East Zone,29.7,Yes,Barley,NPK
Peaty,East Zone,33.8,Yes,Barley,Compost
Silty,South Zone,32.8,No,Rice,DAP
Silty,West Zone,25.0,Yes,Barley,DAP
Loamy,North Zone,16.9,No,Rice,Ammonium Sulfate
Sandy,West Zone,19.1,Yes,Rice,Potash
Silty,West Zone,21.0,No,Pulses,DAP
Silty,East Zone,35.9,No,Millet,Compost
Peaty,East Zone,24.7,No,Barley,Compost
Chalky,Central Zone,37.4,No,Rice,NPK
Loamy,North Zone,23.3,Yes,Pulses,Urea
Peaty,East Zone,33.9,Yes,Millet,Compost
Silty,Central Zone,18.5,Yes,Millet,NPK
Silty,North Zone,39.7,No,Cotton,Potash
Loamy,East Zone,33.1,No,Pulses,DAP
Clay,West Zone,27.5,No,Millet,DAP
Clay,West Zone,39.4,Yes,Wheat,Compost
Silty,North Zone,16.3,No,Rice,DAP
Silty,North Zone,25.9,No,Millet,Potash
Peaty,East Zone,36.0,No,Maize,Urea
Chalky,East Zone,23.5,Yes,Millet,Ammonium Sulfate
Chalky,North Zone,34.2,No,Millet,Compost
Peaty,North Zone,38.9,Yes,Cotton,Potash
Peaty,Central Zone,24.9,No,Barley,Ammonium Sulfate
Sandy,Central Zone,34.3,Yes,Pulses,NPK
Silty,Central Zone,15.7,No,Wheat,Urea
Sandy,West Zone,21.8,Yes,Maize,Compost
Clay,West Zone,39.8,Yes,Cotton,DAP
Silty,Central Zone,27.3,Yes,Wheat,Compost
Silty,Central Zone,23.9,Yes,Pulses,NPK
Loamy,North Zone,38.5,Yes,Millet,DAP
Silty,West Zone,25.8,Yes,Barley,Ammonium Sulfate
Clay,Central Zone,32.0,No,Pulses,Urea
Chalky,South Zone,31.5,No,Maize,Ammonium Sulfate
Chalky,East Zone,17.1,Yes,Wheat,Compost
Silty,Central Zone,30.5,Yes,Cotton,Potash
Chalky,West Zone,35.0,No,Millet,NPK
Sandy,Central Zone,32.8,Yes,Millet,Compost
Silty,South Zone,17.1,Yes,Rice,Ammonium Sulfate
Sandy,North Zone,18.9,Yes,Cotton,Potash
Peaty,West Zone,32.8,Yes,Maize,Compost
Peaty,North Zone,30.8,No,Millet,NPK
Loamy,East Zone,33.5,No,Rice,Compost
Silty,North Zone,22.9,No,Barley,DAP
Peaty,Central Zone,17.7,No,Wheat,DAP
Peaty,South Zone,15.1,No,Pulses,Potash
Chalky,North Zone,22.7,No,Pulses,Ammonium Sulfate
Loamy,South Zone,24.0,No,Millet,DAP
Loamy,West Zone,21.7,No,Barley,Urea
Chalky,West Zone,18.3,Yes,Wheat,Urea
Silty,Central Zone,19.7,No,Pulses,Compost
Sandy,Central Zone,26.2,No,Millet,Ammonium Sulfate
Silty,Central Zone,28.9,No,Wheat,Urea
Sandy,South Zone,25.2,Yes,Cotton,Urea
Loamy,East Zone,15.7,Yes,Wheat,NPK
Clay,East Zone,23.8,No,Wheat,NPK
Silty,East Zone,17.3,No,Millet,Urea
Clay,West Zone,30.0,No,Millet,NPK
Sandy,West Zone,23.1,Yes,Barley,Urea
Silty,East Zone,24.6,No,Pulses,Potash
Clay,Central Zone,22.3,Yes,Wheat,NPK
Clay,North Zone,24.7,No,Barley,Urea
Silty,East Zone,17.1,No,Barley,Urea
Clay,North Zone,37.5,No,Cotton,Compost
Silty,East Zone,37.6,No,Maize,Ammonium Sulfate
Clay,North Zone,39.5,No,Rice,Potash
Loamy,Central Zone,29.3,No,Wheat,Ammonium Sulfate
Silty,West Zone,19.2,Yes,Pulses,Potash
Loamy,East Zone,24.5,Yes,Cotton,Compost
Chalky,East Zone,18.5,Yes,Wheat,Compost
Peaty,Central Zone,22.5,Yes,Rice,Ammonium Sulfate
Loamy,South Zone,27.3,No,Maize,Compost
Clay,East Zone,16.6,No,Maize,DAP
Sandy,North Zone,25.9,Yes,Wheat,Urea
Chalky,Central Zone,25.5,Yes,Rice,DAP
Loamy,South Zone,27.1,No,Barley,NPK
Chalky,East Zone,16.9,No,Wheat,Compost
Loamy,East Zone,21.3,No,Millet,Ammonium Sulfate
Loamy,West Zone,21.2,No,Pulses,Urea
Sandy,South Zone,30.6,No,Maize,Urea
Sandy,Central Zone,29.8,No,Cotton,NPK
Loamy,North Zone,19.9,Yes,Cotton,Ammonium Sulfate
Peaty,East Zone,17.7,Yes,Cotton,Potash
Sandy,Central Zone,22.6,No,Rice,Urea
Sandy,West Zone,38.7,Yes,Rice,Potash
Sandy,East Zone,23.3,No,Barley,Ammonium Sulfate
Silty,South Zone,30.5,No,Maize,Urea
Chalky,Central Zone,35.1,No,Rice,DAP
Loamy,North Zone,23.2,Yes,Barley,Compost
Peaty,West Zone,23.4,Yes,Millet,Ammonium Sulfate
Sandy,Central Zone,35.4,No,Barley,Potash
Silty,East Zone,36.5,Yes,Pulses,DAP
Chalky,North Zone,39.4,No,Maize,Ammonium Sulfate
Clay,East Zone,18.4,Yes,Pulses,Urea
Clay,East Zone,23.0,No,Barley,Compost
Sandy,South Zone,38.7,Yes,Maize,DAP
Peaty,South Zone,20.0,No,Millet,Compost
Peaty,East Zone,22.9,Yes,Millet,Urea
Chalky,West Zone,39.1,Yes,Millet,Ammonium Sulfate
Chalky,South Zone,39.2,No,Wheat,Urea
Loamy,South Zone,22.3,Yes,Cotton,DAP
Sandy,South Zone,32.4,No,Barley,Urea
Clay,South Zone,27.3,No,Cotton,NPK
Loamy,North Zone,29.4,No,Maize,Compost
Peaty,East Zone,21.1,No,Millet,Urea
Loamy,North Zone,24.4,No,Barley,Urea
Clay,Central Zone,35.4,No,Pulses,Ammonium Sulfate
Peaty,Central Zone,24.8,No,Rice,NPK
Chalky,Central Zone,17.8,Yes,Millet,Compost
Silty,North Zone,29.1,No,Maize,Potash
Silty,East Zone,29.8,Yes,Cotton,NPK
Chalky,Central Zone,28.6,Yes,Wheat,NPK
Sandy,South Zone,32.0,No,Millet,Compost
Loamy,Central Zone,28.8,Yes,Cotton,Ammonium Sulfate
Peaty,West Zone,38.8,Yes,Maize,NPK
Chalky,South Zone,26.5,No,Pulses,Compost
Chalky,South Zone,32.7,No,Pulses,Ammonium Sulfate
Sandy,South Zone,26.0,No,Maize,NPK
Loamy,Central Zone,22.3,Yes,Cotton,Compost
Chalky,South Zone,32.3,Yes,Pulses,Ammonium Sulfate
Clay,West Zone,35.5,Yes,Cotton,Compost
Chalky,North Zone,34.9,Yes,Millet,Potash
Peaty,West Zone,25.2,No,Rice,Ammonium Sulfate
Loamy,East Zone,27.5,No,Millet,Urea
Peaty,South Zone,30.8,No,Wheat,Ammonium Sulfate
Loamy,West Zone,21.1,Yes,Cotton,Compost
Clay,Central Zone,31.5,No,Wheat,DAP
Peaty,East Zone,32.9,Yes,Wheat,Ammonium Sulfate
Silty,West Zone,34.7,Yes,Rice,Potash
Chalky,South Zone,16.8,No,Millet,Ammonium Sulfate
Clay,Central Zone,39.8,No,Barley,Ammonium Sulfate
Loamy,South Zone,27.0,Yes,Maize,Potash
Peaty,East Zone,25.0,No,Wheat,Urea
Chalky,West Zone,27.7,Yes,Wheat,NPK
Clay,South Zone,38.0,Yes,Wheat,NPK
Loamy,East Zone,32.3,No,Wheat,Compost
Silty,Central Zone,28.6,No,Maize,Potash
Silty,West Zone,34.8,Yes,Millet,Compost
Loamy,West Zone,24.0,Yes,Barley,DAP
Silty,East Zone,37.4,Yes,Pulses,Ammonium Sulfate
Clay,West Zone,28.4,No,Rice,NPK
Chalky,Central Zone,31.0,Yes,Barley,Compost
Silty,Central Zone,17.1,Yes,Wheat,Compost
Chalky,West Zone,34.2,No,Cotton,Potash
Sandy,South Zone,31.4,No,Pulses,DAP
Silty,South Zone,23.9,No,Maize,DAP
Sandy,Central Zone,31.2,No,Barley,Compost
Chalky,South Zone,16.1,No,Rice,DAP
Peaty,East Zone,39.6,No,Cotton,DAP
Chalky,North Zone,31.9,Yes,Barley,Potash
Clay,West Zone,25.0,Yes,Cotton,Ammonium Sulfate
Peaty,East Zone,33.8,Yes,Cotton,Potash
Peaty,Central Zone,39.1,No,Wheat,Ammonium Sulfate
Silty,North Zone,25.8,Yes,Millet,DAP
Silty,Central Zone,15.3,No,Wheat,Compost
Silty,North Zone,21.5,Yes,Barley,NPK
Chalky,East Zone,27.8,Yes,Pulses,Compost
Peaty,North Zone,28.0,Yes,Cotton,Compost
Clay,South Zone,29.5,Yes,Rice,NPK
Clay,East Zone,29.4,Yes,Wheat,Potash
Sandy,West Zone,26.1,No,Rice,Compost
Loamy,Central Zone,24.8,No,Wheat,Ammonium Sulfate
Clay,South Zone,34.3,Yes,Millet,DAP
Silty,West Zone,29.7,Yes,Millet,DAP
Sandy,North Zone,27.5,No,Wheat,Potash
Silty,South Zone,23.6,No,Wheat,Potash
Peaty,West Zone,15.6,Yes,Barley,Potash
Peaty,East Zone,17.6,Yes,Millet,Urea
Chalky,North Zone,25.4,Yes,Rice,Ammonium Sulfate
Silty,West Zone,39.0,No,Millet,Urea
Clay,North Zone,17.9,No,Wheat,DAP
Loamy,West Zone,38.5,No,Rice,Compost
Silty,Central Zone,18.5,No,Wheat,Urea
Clay,East Zone,22.8,No,Maize,Compost
Sandy,South Zone,26.4,Yes,Wheat,NPK
Silty,West Zone,20.2,No,Millet,DAP
Sandy,North Zone,27.1,No,Cotton,Urea
Clay,East Zone,26.9,No,Millet,DAP
Clay,South Zone,26.0,Yes,Millet,NPK
Clay,North Zone,32.4,Yes,Barley,NPK
Clay,East Zone,23.0,No,Rice,DAP
Peaty,North Zone,22.5,Yes,Barley,Urea
Chalky,East Zone,35.3,Yes,Barley,Ammonium Sulfate
Clay,South Zone,17.9,Yes,Barley,DAP
Peaty,South Zone,36.2,Yes,Pulses,Compost
Loamy,North Zone,31.2,Yes,Maize,Compost
Peaty,East Zone,31.9,Yes,Rice,Compost
Sandy,West Zone,19.1,Yes,Wheat,Compost
Loamy,South Zone,39.6,Yes,Cotton,Compost
Sandy,West Zone,21.1,No,Millet,NPK
Chalky,West Zone,19.4,Yes,Cotton,Urea
Silty,Central Zone,19.0,No,Pulses,Urea
Silty,North Zone,29.0,No,Cotton,Potash
Peaty,North Zone,39.0,Yes,Wheat,DAP
Sandy,North Zone,20.8,Yes,Wheat,NPK
Chalky,East Zone,25.1,Yes,Pulses,NPK
Silty,South Zone,19.6,Yes,Cotton,DAP
Chalky,South Zone,31.0,Yes,Millet,DAP
Chalky,Central Zone,25.8,Yes,Wheat,Compost
Silty,Central Zone,15.7,No,Pulses,NPK
Silty,Central Zone,30.4,No,Millet,NPK
Loamy,West Zone,19.9,No,Pulses,DAP
Loamy,North Zone,29.8,Yes,Pulses,DAP
Clay,East Zone,24.7,No,Wheat,Urea
Sandy,South Zone,32.6,No,Millet,Compost
Silty,East Zone,20.1,Yes,Barley,Potash
Chalky,North Zone,33.8,Yes,Millet,Compost
Sandy,North Zone,35.2,Yes,Maize,NPK
Clay,South Zone,16.6,No,Wheat,Ammonium Sulfate
Chalky,West Zone,17.5,No,Barley,Urea
Peaty,Central Zone,36.8,Yes,Barley,Ammonium Sulfate
Clay,West Zone,19.7,No,Maize,DAP
Silty,North Zone,23.1,Yes,Cotton,Potash
Peaty,North Zone,26.4,No,Millet,NPK
Peaty,West Zone,21.6,Yes,Millet,Potash
Clay,Central Zone,36.6,Yes,Rice,Ammonium Sulfate
Silty,Central Zone,28.2,No,Wheat,Ammonium Sulfate
Chalky,North Zone,31.0,Yes,Cotton,Compost
Peaty,Central Zone,29.9,Yes,Cotton,Urea
Clay,Central Zone,30.3,No,Wheat,Compost
Clay,South Zone,29.7,Yes,Rice,Ammonium Sulfate
Chalky,South Zone,23.7,Yes,Rice,DAP
Silty,East Zone,36.1,No,Wheat,Urea
Clay,West Zone,30.4,Yes,Millet,Ammonium Sulfate
Clay,North Zone,35.3,No,Pulses,Compost
Clay,Central Zone,32.6,No,Millet,Potash
Sandy,East Zone,22.4,No,Barley,Urea
Loamy,South Zone,30.4,Yes,Cotton,Urea
Chalky,Central Zone,17.1,Yes,Pulses,DAP
Sandy,West Zone,18.3,No,Wheat,DAP
Clay,South Zone,17.9,Yes,Millet,Potash
Loamy,North Zone,22.6,No,Rice,Potash
Chalky,Central Zone,19.6,No,Wheat,Urea
Peaty,East Zone,32.3,Yes,Cotton,NPK
Chalky,North Zone,27.8,Yes,Millet,Ammonium Sulfate
Sandy,Central Zone,25.5,Yes,Millet,Ammonium Sulfate
Sandy,Central Zone,18.4,Yes,Rice,Compost
Sandy,Central Zone,24.6,Yes,Pulses,Urea
Chalky,Central Zone,19.6,No,Millet,Ammonium Sulfate
Silty,Central Zone,30.9,Yes,Millet,Ammonium Sulfate
Clay,North Zone,32.3,Yes,Pulses,Potash
Chalky,West Zone,31.1,Yes,Rice,Urea
Peaty,West Zone,40.0,Yes,Rice,DAP
Peaty,North Zone,28.9,No,Cotton,Compost
Peaty,West Zone,27.2,Yes,Barley,Urea
Clay,East Zone,18.5,No,Wheat,DAP
Loamy,East Zone,22.9,No,Millet,Compost
Sandy,North Zone,26.3,No,Millet,Compost
Clay,East Zone,16.3,No,Pulses,NPK
Sandy,North Zone,24.0,Yes,Rice,DAP
Clay,East Zone,15.2,Yes,Pulses,Compost
Sandy,South Zone,18.4,Yes,Barley,Ammonium Sulfate
Clay,North Zone,35.4,Yes,Barley,NPK
Loamy,Central Zone,39.1,No,Cotton,NPK
Chalky,East Zone,27.6,No,Millet,Urea
Peaty,South Zone,27.4,No,Cotton,Ammonium Sulfate
Sandy,North Zone,32.1,No,Maize,Ammonium Sulfate
Clay,East Zone,25.4,Yes,Pulses,Potash
Loamy,Central Zone,36.0,Yes,Rice,Potash
Loamy,East Zone,27.2,Yes,Barley,Compost
Peaty,South Zone,17.1,Yes,Millet,Compost
Clay,West Zone,15.8,Yes,Cotton,Compost
Chalky,West Zone,34.0,Yes,Wheat,Urea
Sandy,South Zone,22.3,No,Pulses,NPK
Chalky,South Zone,21.9,No,Cotton,Potash
Silty,North Zone,28.4,No,Pulses,DAP
Loamy,West Zone,19.2,No,Pulses,Potash
Loamy,North Zone,26.4,Yes,Cotton,NPK
Peaty,East Zone,33.6,No,Maize,NPK
Clay,South Zone,34.1,No,Millet,DAP
Silty,North Zone,28.7,Yes,Pulses,Urea
Silty,South Zone,17.8,Yes,Barley,Potash
Silty,North Zone,17.9,No,Pulses,Compost
Clay,East Zone,34.4,No,Pulses,Ammonium Sulfate
Sandy,East Zone,35.6,No,Barley,Urea
Loamy,Central Zone,24.2,No,Millet,Compost
Clay,West Zone,35.6,No,Rice,Potash
Silty,Central Zone,16.0,No,Cotton,DAP
Loamy,West Zone,33.0,No,Wheat,Urea
Loamy,East Zone,28.7,Yes,Maize,Potash
Silty,North Zone,39.7,Yes,Cotton,Compost
Silty,South Zone,17.6,Yes,Pulses,Potash
Loamy,East Zone,35.8,Yes,Wheat,Ammonium Sulfate
Peaty,East Zone,33.8,Yes,Pulses,NPK
Chalky,North Zone,22.4,Yes,Rice,NPK
Chalky,East Zone,40.0,No,Maize,Potash
Loamy,East Zone,26.2,No,Millet,Compost
Sandy,North Zone,23.7,No,Millet,NPK
Sandy,East Zone,35.4,Yes,Cotton,Potash
Peaty,West Zone,26.0,No,Maize,Potash
Clay,West Zone,39.8,No,Wheat,Ammonium Sulfate
Loamy,West Zone,34.4,Yes,Rice,Compost
Sandy,West Zone,20.9,Yes,Barley,NPK
Loamy,East Zone,35.3,No,Barley,Compost
